/*
SQLyog Ultimate v12.14 (64 bit)
MySQL - 5.6.26 : Database - ira_site
*********************************************************************
*/

/*!40101 SET NAMES utf8 */;

/*!40101 SET SQL_MODE=''*/;

/*!40014 SET @OLD_UNIQUE_CHECKS=@@UNIQUE_CHECKS, UNIQUE_CHECKS=0 */;
/*!40014 SET @OLD_FOREIGN_KEY_CHECKS=@@FOREIGN_KEY_CHECKS, FOREIGN_KEY_CHECKS=0 */;
/*!40101 SET @OLD_SQL_MODE=@@SQL_MODE, SQL_MODE='NO_AUTO_VALUE_ON_ZERO' */;
/*!40111 SET @OLD_SQL_NOTES=@@SQL_NOTES, SQL_NOTES=0 */;

/*Table structure for table `entity_image` */

DROP TABLE IF EXISTS `entity_image`;

CREATE TABLE `entity_image` (
  `entity_id` bigint(11) unsigned NOT NULL,
  `image_id` bigint(11) unsigned NOT NULL,
  `entity_class` varchar(126) NOT NULL,
  `is_main` tinyint(1) NOT NULL DEFAULT '0',
  PRIMARY KEY (`entity_id`,`image_id`,`entity_class`)
) ENGINE=InnoDB DEFAULT CHARSET=utf8;

/*Data for the table `entity_image` */

insert  into `entity_image`(`entity_id`,`image_id`,`entity_class`,`is_main`) values
(19,58,'models\\Event',0),
(19,59,'models\\Event',0),
(19,60,'models\\Event',0),
(19,61,'models\\Event',1),
(22,62,'models\\Event',0),
(22,63,'models\\Event',0),
(22,64,'models\\Event',0),
(22,65,'models\\Event',1),
(23,12,'models\\Slide',1),
(24,13,'models\\Slide',1),
(25,14,'models\\Slide',1),
(25,66,'models\\Event',0),
(25,67,'models\\Event',0),
(25,68,'models\\Event',0),
(25,69,'models\\Event',0),
(25,70,'models\\Event',1),
(26,15,'models\\Slide',1),
(26,71,'models\\Event',0),
(26,72,'models\\Event',0),
(26,74,'models\\Event',1),
(26,75,'models\\Event',0),
(27,44,'models\\Slide',1);

/*Table structure for table `event` */

DROP TABLE IF EXISTS `event`;

CREATE TABLE `event` (
  `id` bigint(11) unsigned NOT NULL AUTO_INCREMENT,
  `name` varchar(255) NOT NULL,
  `owner_id` bigint(11) unsigned DEFAULT NULL,
  `owner_name` varchar(255) DEFAULT NULL,
  `description` text,
  `members_count` int(4) unsigned DEFAULT NULL,
  `address` varchar(512) DEFAULT NULL,
  `price` float unsigned NOT NULL,
  `profit` float unsigned DEFAULT NULL,
  `cost` float unsigned DEFAULT NULL,
  `type` enum('training','therapeutic_group','workshop','psychological_game','lecture','study_group') NOT NULL,
  `status` enum('new','current','past','canceled') NOT NULL DEFAULT 'new',
  `date_start` datetime NOT NULL,
  `date_end` datetime DEFAULT NULL,
  `in_main_slider` tinyint(1) NOT NULL DEFAULT '0',
  PRIMARY KEY (`id`),
  KEY `event_owner_id` (`owner_id`),
  CONSTRAINT `event_owner_id` FOREIGN KEY (`owner_id`) REFERENCES `user` (`id`) ON DELETE CASCADE ON UPDATE CASCADE
) ENGINE=InnoDB AUTO_INCREMENT=27 DEFAULT CHARSET=utf8;

/*Data for the table `event` */

insert  into `event`(`id`,`name`,`owner_id`,`owner_name`,`description`,`members_count`,`address`,`price`,`profit`,`cost`,`type`,`status`,`date_start`,`date_end`,`in_main_slider`) values
(19,'Тренинг по здоровому питанию',1,'Дмитрий Кушнерёв','Тренинг затрагивает основные аспекты здорового образа жизни:\r\nСпорт, питание, вредные привычки, экология, личная жизнь и отношения, а также астрология и многое-многое другое.\r\nВы узнаете много интересно, научитесь справляться со стрессом на работе и дома, избавитесь от панических атак и обретёте высшую свободу в мире красоты и гармонии.',15,'Киев, ул. Регенератораная, 4, корп. 2, оф. 396',250,NULL,NULL,'training','new','2016-03-11 19:18:40',NULL,0),
(22,'Тренинг по здоровому образу жизни',1,'Дмитрий Кушнерёв','Тренинг затрагивает основные аспекты здорового образа жизни:\r\nСпорт, питание, вредные привычки, экология, личная жизнь и отношения, а также астрология и многое-многое другое.\r\nВы узнаете много интересно, научитесь справляться со стрессом на работе и дома, избавитесь от панических атак и обретёте высшую свободу в мире красоты и гармонии.',15,'Киев, ул. Регенератораная, 4, корп. 2, оф. 396',250,NULL,NULL,'training','new','2016-03-11 19:20:40',NULL,0),
(25,'Тренинг по нездоровому питанию',1,'Дмитрий Кушнерёв','Тренинг затрагивает основные аспекты здорового образа жизни:\r\nСпорт, питание, вредные привычки, экология, личная жизнь и отношения, а также астрология и многое-многое другое.\r\nВы узнаете много интересно, научитесь справляться со стрессом на работе и дома, избавитесь от панических атак и обретёте высшую свободу в мире красоты и гармонии.',15,'Киев, ул. Регенератораная, 4, корп. 2, оф. 396',250,NULL,NULL,'training','new','2016-03-11 19:31:19',NULL,0),
(26,'Тренинг по нездоровому образу жизни',1,'Дмитрий Кушнерёв','Тренинг затрагивает основные аспекты здорового образа жизни:\r\nСпорт, питание, вредные привычки, экология, личная жизнь и отношения, а также астрология и многое-многое другое.\r\nВы узнаете много интересно, научитесь справляться со стрессом на работе и дома, избавитесь от панических атак и обретёте высшую свободу в мире красоты и гармонии.',30,'Киев, ул. Регенератораная, 4, корп. 2, оф. 396',350,NULL,NULL,'training','new','2016-03-12 16:31:37',NULL,0);

/*Table structure for table `event_user` */

DROP TABLE IF EXISTS `event_user`;

CREATE TABLE `event_user` (
  `id` bigint(11) unsigned NOT NULL AUTO_INCREMENT,
  `event_id` bigint(11) unsigned NOT NULL,
  `user_id` bigint(11) unsigned DEFAULT NULL,
  `email` varchar(255) NOT NULL,
  `name` varchar(255) DEFAULT NULL,
  `phone` varchar(26) DEFAULT NULL,
  `date_registration` datetime NOT NULL,
  `comment` text,
  `status` enum('came','not_come','recorded') NOT NULL DEFAULT 'recorded',
  PRIMARY KEY (`id`),
  KEY `event_user_user_id` (`user_id`),
  KEY `event_user_event_id` (`event_id`),
  CONSTRAINT `event_user_event_id` FOREIGN KEY (`event_id`) REFERENCES `event` (`id`) ON DELETE NO ACTION ON UPDATE CASCADE,
  CONSTRAINT `event_user_user_id` FOREIGN KEY (`user_id`) REFERENCES `user` (`id`) ON DELETE CASCADE ON UPDATE CASCADE
) ENGINE=InnoDB AUTO_INCREMENT=7 DEFAULT CHARSET=utf8;

/*Data for the table `event_user` */

insert  into `event_user`(`id`,`event_id`,`user_id`,`email`,`name`,`phone`,`date_registration`,`comment`,`status`) values
(3,26,21,'vlad.topolev@yandex.ua','Владимир Тополев','0666325147','2016-03-13 00:51:48','Пиздец как хочу попасть на этот охуенный тренинг!\r\nПрям ваще пизда нахуй!','recorded'),
(4,26,14,'igor.taranov@mail.ru','Игорь Титов','0635724115','2016-03-13 00:59:47','Охуенный тренинг! Убил бы 100 человек, чтоб туда попасть!','recorded'),
(5,26,4,'a.konuhova@gmal.com','Алиса Конюхова','(066) 567 21 34','2016-03-13 01:34:53','Пиздец охуенное событие! Обязятельно приду!','recorded'),
(6,25,22,'kostya.pavlov@mail.ru','Костя Павлов','0636532312','2016-03-13 01:37:04','Бля буду, приду!','recorded');

/*Table structure for table `image` */

DROP TABLE IF EXISTS `image`;

CREATE TABLE `image` (
  `id` bigint(11) unsigned NOT NULL AUTO_INCREMENT,
  `url` varchar(512) NOT NULL,
  `alt` varchar(255) DEFAULT NULL,
  `status` enum('active','not_active') NOT NULL DEFAULT 'active',
  `description` text,
  `date_add` datetime NOT NULL,
  PRIMARY KEY (`id`)
) ENGINE=InnoDB AUTO_INCREMENT=76 DEFAULT CHARSET=utf8;

/*Data for the table `image` */

insert  into `image`(`id`,`url`,`alt`,`status`,`description`,`date_add`) values
(12,'/files/2016/03/09/DPIyycGD9yrB6J1dFIcDUhi3gfSs6Sr8_bg2.jpg',NULL,'active',NULL,'2016-03-09 01:27:55'),
(13,'/files/2016/03/09/xH1xSamU6IjAK98aNIS3CDFodS0msVH2_bg.png',NULL,'active',NULL,'2016-03-09 01:28:39'),
(14,'/files/2016/03/09/S5lyHyngg7s3msK_BEn-T-tCPGzu39eX_iphone.png',NULL,'active',NULL,'2016-03-09 01:29:13'),
(15,'/files/2016/03/09/XBWhSZw4UNCOno80WxEWUZ-RUMdBoK23_buildscape.png',NULL,'active',NULL,'2016-03-09 01:57:11'),
(44,'/files/2016/03/11/r8cZadPaCWnpGag6yHB7bJOupLvSz0ar_bg-cityscape.jpg',NULL,'active',NULL,'2016-03-11 02:06:39'),
(58,'/files/2016/03/11/z199Cf_vxH1AmS1JLv9rbDPrZbN4bRuD__20150907_2053675324.jpg',NULL,'active',NULL,'2016-03-11 19:18:40'),
(59,'/files/2016/03/11/2jKKw5iwcRkPY4tfj6j7_ZFwhvZtnTno_3-31115_2_6.jpg',NULL,'active',NULL,'2016-03-11 19:18:40'),
(60,'/files/2016/03/11/vzRf4mU6oQNA9JLeMZbuPV8dN6Lfdc8L_3-2-300x200.jpg',NULL,'active',NULL,'2016-03-11 19:18:40'),
(61,'/files/2016/03/11/0yNl7oRHAzgnuIobaO5unFTxOa0Jwg5V_file_Sb7R.png',NULL,'active',NULL,'2016-03-11 19:18:53'),
(62,'/files/2016/03/11/Rc5qdR0zsOZ1SZ5h90LTrYKrIvTlAm2O_detsad-320690-1445524569.jpg',NULL,'active',NULL,'2016-03-11 19:20:40'),
(63,'/files/2016/03/11/tyYQHBa_agyDYdGo3ESXsx-gFtev_q_Z_dlya_stranichki_psih.sluzhba1.jpg',NULL,'active',NULL,'2016-03-11 19:21:05'),
(64,'/files/2016/03/11/ZsxqsS57Xss8qNtX41N42hZ-v0hDnaHq_dsc_0315.jpg',NULL,'active',NULL,'2016-03-11 19:21:05'),
(65,'/files/2016/03/11/zGuYp1UDm-Idoo0h1r54QNOQP49lUXGq_file_FFnI.png',NULL,'active',NULL,'2016-03-11 19:21:17'),
(66,'/files/2016/03/11/xlSyehCMJMvOZ73jALaV1S-bsI-ckXrW_c6074aa5babd21e465425f3737b3b5be_w960_h2048.jpg',NULL,'active',NULL,'2016-03-11 19:31:19'),
(67,'/files/2016/03/11/Jm6sGgGsqIOtLWGIA5Hrum3w1u3xXm5h_detsad-320690-1445524569.jpg',NULL,'active',NULL,'2016-03-11 19:31:34'),
(68,'/files/2016/03/11/GGMSxWjMzqn34uzuCqSqRx5PxuaUHehy_dlya_stranichki_psih.sluzhba1.jpg',NULL,'active',NULL,'2016-03-11 19:31:34'),
(69,'/files/2016/03/11/gd3oXf7D4uf1NWfJCIVpemCb0XiOo3wT_Socialno-psihologicheskii-trening-1.jpg',NULL,'active',NULL,'2016-03-11 19:32:00'),
(70,'/files/2016/03/11/NBArAyQrL6MtjkJYPvC5zVcbnybWmeMH_file_lDzb.png',NULL,'active',NULL,'2016-03-11 19:33:23'),
(71,'/files/2016/03/12/D1hqcVKuobXKZQ33AAsMngaalWlyieEE_psihologiya_4.png',NULL,'active',NULL,'2016-03-12 16:31:37'),
(72,'/files/2016/03/12/VsSIb6X-XDQf_eoIFifJAzL-j9cMff2a_Socialno-psihologicheskii-trening-01.jpg',NULL,'active',NULL,'2016-03-12 16:35:06'),
(73,'/files/2016/03/12/JcSv4w6HhboPdXjLtWc4uY1B7ENRUkqX_trening_1395208792.jpg',NULL,'active',NULL,'2016-03-12 16:35:06'),
(74,'/files/2016/03/12/XS44TZpO9NK-HqyID41VWmR7OmoCcEei_file_nrmV.png',NULL,'active',NULL,'2016-03-12 16:36:04'),
(75,'/files/2016/03/12/8MlsuvdlUsVZvf0Rr1Verh4YoplLJblK_X_47d0e9b9m.jpg',NULL,'active',NULL,'2016-03-12 16:46:48');

/*Table structure for table `slide` */

DROP TABLE IF EXISTS `slide`;

CREATE TABLE `slide` (
  `id` bigint(11) unsigned NOT NULL AUTO_INCREMENT,
  `title` varchar(255) NOT NULL,
  `sub_title` varchar(255) DEFAULT NULL,
  `text` text,
  `link_url` varchar(126) DEFAULT NULL,
  `link_text` varchar(126) DEFAULT NULL,
  `link_title` varchar(126) DEFAULT NULL,
  `status` enum('active','not_active') NOT NULL DEFAULT 'active',
  PRIMARY KEY (`id`)
) ENGINE=InnoDB AUTO_INCREMENT=28 DEFAULT CHARSET=utf8;

/*Data for the table `slide` */

insert  into `slide`(`id`,`title`,`sub_title`,`text`,`link_url`,`link_text`,`link_title`,`status`) values
(23,'Training 1','Training1  subtitle','Rigged with over xx homepages, xx header styels, xx sliders,  xx  footer styles, inifinite color options.','/front/training/1/view','Training 1','Training 1','active'),
(24,'Training 2','Training 2 subtitle','Rigged with over xx homepages, xx header styels, xx sliders,  xx  footer styles, inifinite color options.','/front/training/2/view','Training 2','Training 2','active'),
(25,'Training 3','Training 3  subtitle','Rigged with over xx homepages, xx header styels, xx sliders,  xx  footer styles, inifinite color options.','','','','active'),
(26,'Training 4','','Rigged with over xx homepages, xx header styels, xx sliders,  xx  footer styles, inifinite color options.','/front/training/4/view','Training 4','Training 4','active'),
(27,'Training 4','Training 4 subtitle','Rigged with over xx homepages, xx header styels, xx sliders,  xx  footer styles, inifinite color options.','/front/training/4/view','Training 4','Training 4','active');

/*Table structure for table `story` */

DROP TABLE IF EXISTS `story`;

CREATE TABLE `story` (
  `id` bigint(11) unsigned NOT NULL AUTO_INCREMENT,
  `target_class` varchar(255) NOT NULL,
  `target_id` bigint(11) unsigned NOT NULL,
  `user_id` bigint(11) unsigned DEFAULT NULL,
  `action` varchar(255) NOT NULL,
  `date` datetime NOT NULL,
  `fields_json` text,
  `old_values_json` text,
  `new_values_json` text,
  PRIMARY KEY (`id`),
  KEY `story_user_id` (`user_id`),
  CONSTRAINT `story_user_id` FOREIGN KEY (`user_id`) REFERENCES `user` (`id`) ON DELETE SET NULL ON UPDATE CASCADE
) ENGINE=InnoDB AUTO_INCREMENT=112 DEFAULT CHARSET=utf8;

/*Data for the table `story` */

insert  into `story`(`id`,`target_class`,`target_id`,`user_id`,`action`,`date`,`fields_json`,`old_values_json`,`new_values_json`) values
(1,'models\\User',14,14,'Registration','2016-03-05 21:30:35',NULL,NULL,NULL),
(2,'models\\User',14,14,'Login','2016-03-05 21:30:35',NULL,NULL,NULL),
(3,'models\\User',1,1,'Login','2016-03-05 21:38:22',NULL,NULL,NULL),
(4,'models\\User',1,1,'Logout','2016-03-05 21:41:41',NULL,NULL,NULL),
(5,'models\\User',1,1,'Login','2016-03-05 21:41:56',NULL,NULL,NULL),
(6,'models\\User',1,1,'Logout','2016-03-06 02:30:57',NULL,NULL,NULL),
(7,'models\\User',1,1,'Login','2016-03-06 02:31:03',NULL,NULL,NULL),
(8,'models\\User',1,1,'Logout','2016-03-06 02:31:18',NULL,NULL,NULL),
(9,'models\\User',1,1,'Login','2016-03-06 02:31:29',NULL,NULL,NULL),
(10,'models\\User',1,1,'Logout','2016-03-06 03:44:27',NULL,NULL,NULL),
(11,'models\\User',7,7,'Login','2016-03-06 03:44:39',NULL,NULL,NULL),
(12,'models\\User',1,1,'Login','2016-03-06 03:46:12',NULL,NULL,NULL),
(13,'models\\User',1,1,'Logout','2016-03-06 03:51:50',NULL,NULL,NULL),
(14,'models\\User',7,7,'Login','2016-03-06 03:51:59',NULL,NULL,NULL),
(15,'models\\User',1,1,'Login','2016-03-06 03:52:22',NULL,NULL,NULL),
(16,'models\\User',1,1,'Logout','2016-03-06 16:47:37',NULL,NULL,NULL),
(17,'models\\User',1,1,'Login','2016-03-06 16:48:19',NULL,NULL,NULL),
(18,'models\\User',1,1,'Logout','2016-03-08 19:47:44',NULL,NULL,NULL),
(19,'models\\User',1,1,'Login','2016-03-08 19:49:04',NULL,NULL,NULL),
(20,'models\\User',1,1,'Logout','2016-03-09 01:23:58',NULL,NULL,NULL),
(21,'models\\User',1,1,'Login','2016-03-09 01:24:15',NULL,NULL,NULL),
(23,'models\\Event',3,1,'Created','2016-03-09 20:32:05',NULL,NULL,NULL),
(24,'models\\Event',3,1,'Started','2016-03-09 21:36:46','[\"status\"]','{\"status\":\"new\"}','{\"status\":\"current\"}'),
(25,'models\\Event',3,1,'Stopped','2016-03-09 21:37:42','[\"status\"]','{\"status\":\"current\"}','{\"status\":\"past\"}'),
(26,'models\\Event',3,1,'Canceled','2016-03-09 21:37:45','[\"status\"]','{\"status\":\"past\"}','{\"status\":\"canceled\"}'),
(27,'models\\Event',3,1,'Updated','2016-03-09 21:37:47','[\"id\",\"name\",\"owner_id\",\"owner_name\",\"description\",\"members_count\",\"address\",\"price\",\"profit\",\"cost\",\"type\",\"status\",\"date_start\",\"date_end\",\"in_main_slider\"]','{\"address\":\"Киев, ул. Регенератораная, 4, корп. 2, оф. 396\",\"id\":\"3\",\"name\":\"Тренинг по здоровому образу жизни\",\"owner_id\":\"1\",\"owner_name\":\"Дмитрий Кушнерёв\",\"description\":\"Тренинг затрагивает основные аспекты здорового образа жизни:\\r\\nСпорт, питание, вредные привычки, экология, личная жизнь и отношения, а также астрология и многое-многое другое.\\r\\nВы узнаете много интересно, научитесь справляться со стрессом на работе и дома, избавитесь от панических атак и обретёте высшую свободу в мире красоты и гармонии.\",\"members_count\":\"15\",\"price\":250,\"profit\":3750,\"cost\":null,\"type\":\"training\",\"status\":\"new\",\"date_start\":\"2016-03-09 20:32:05\",\"date_end\":null,\"in_main_slider\":0}','{\"id\":\"3\",\"name\":\"Тренинг по здоровому образу жизни\",\"owner_id\":\"1\",\"owner_name\":\"Дмитрий Кушнерёв\",\"description\":\"Тренинг затрагивает основные аспекты здорового образа жизни:\\r\\nСпорт, питание, вредные привычки, экология, личная жизнь и отношения, а также астрология и многое-многое другое.\\r\\nВы узнаете много интересно, научитесь справляться со стрессом на работе и дома, избавитесь от панических атак и обретёте высшую свободу в мире красоты и гармонии.\",\"members_count\":\"15\",\"address\":\"Киев, ул. Регенератораная, 4, корп. 2, оф. 396\",\"price\":250,\"profit\":3750,\"cost\":null,\"type\":\"training\",\"status\":\"new\",\"date_start\":\"2016-03-09 20:32:05\",\"date_end\":null,\"in_main_slider\":0}'),
(28,'models\\Event',3,1,'Started','2016-03-09 21:38:21','[\"status\"]','{\"status\":\"new\"}','{\"status\":\"current\"}'),
(29,'models\\Event',3,1,'Updated','2016-03-09 21:38:30','[\"id\",\"name\",\"owner_id\",\"owner_name\",\"description\",\"members_count\",\"address\",\"price\",\"profit\",\"cost\",\"type\",\"status\",\"date_start\",\"date_end\",\"in_main_slider\"]','{\"address\":\"Киев, ул. Регенератораная, 4, корп. 2, оф. 396\",\"id\":\"3\",\"name\":\"Тренинг по здоровому образу жизни\",\"owner_id\":\"1\",\"owner_name\":\"Дмитрий Кушнерёв\",\"description\":\"Тренинг затрагивает основные аспекты здорового образа жизни:\\r\\nСпорт, питание, вредные привычки, экология, личная жизнь и отношения, а также астрология и многое-многое другое.\\r\\nВы узнаете много интересно, научитесь справляться со стрессом на работе и дома, избавитесь от панических атак и обретёте высшую свободу в мире красоты и гармонии.\",\"members_count\":\"15\",\"price\":250,\"profit\":3750,\"cost\":null,\"type\":\"training\",\"status\":\"new\",\"date_start\":\"2016-03-09 20:32:05\",\"date_end\":null,\"in_main_slider\":0}','{\"id\":\"3\",\"name\":\"Тренинг по здоровому образу жизни\",\"owner_id\":\"1\",\"owner_name\":\"Дмитрий Кушнерёв\",\"description\":\"Тренинг затрагивает основные аспекты здорового образа жизни:\\r\\nСпорт, питание, вредные привычки, экология, личная жизнь и отношения, а также астрология и многое-многое другое.\\r\\nВы узнаете много интересно, научитесь справляться со стрессом на работе и дома, избавитесь от панических атак и обретёте высшую свободу в мире красоты и гармонии.\",\"members_count\":\"15\",\"address\":\"Киев, ул. Регенератораная, 4, корп. 2, оф. 396\",\"price\":250,\"profit\":3750,\"cost\":null,\"type\":\"training\",\"status\":\"new\",\"date_start\":\"2016-03-09 20:32:05\",\"date_end\":null,\"in_main_slider\":0}'),
(30,'models\\Event',3,1,'Started','2016-03-09 21:39:19','[\"status\"]','{\"status\":\"new\"}','{\"status\":\"current\"}'),
(31,'models\\Event',3,1,'Updated','2016-03-09 21:40:41','[\"id\",\"name\",\"owner_id\",\"owner_name\",\"description\",\"members_count\",\"address\",\"price\",\"profit\",\"cost\",\"type\",\"status\",\"date_start\",\"date_end\",\"in_main_slider\"]','{\"address\":\"Киев, ул. Регенератораная, 4, корп. 2, оф. 396\",\"id\":\"3\",\"name\":\"Тренинг по здоровому образу жизни\",\"owner_id\":\"1\",\"owner_name\":\"Дмитрий Кушнерёв\",\"description\":\"Тренинг затрагивает основные аспекты здорового образа жизни:\\r\\nСпорт, питание, вредные привычки, экология, личная жизнь и отношения, а также астрология и многое-многое другое.\\r\\nВы узнаете много интересно, научитесь справляться со стрессом на работе и дома, избавитесь от панических атак и обретёте высшую свободу в мире красоты и гармонии.\",\"members_count\":\"15\",\"price\":\"250\",\"profit\":\"3750\",\"cost\":\"\",\"type\":\"training\",\"status\":\"new\",\"date_start\":\"2016-03-09 20:32:05\",\"date_end\":null,\"in_main_slider\":0}','{\"id\":\"3\",\"name\":\"Тренинг по здоровому образу жизни\",\"owner_id\":\"1\",\"owner_name\":\"Дмитрий Кушнерёв\",\"description\":\"Тренинг затрагивает основные аспекты здорового образа жизни:\\r\\nСпорт, питание, вредные привычки, экология, личная жизнь и отношения, а также астрология и многое-многое другое.\\r\\nВы узнаете много интересно, научитесь справляться со стрессом на работе и дома, избавитесь от панических атак и обретёте высшую свободу в мире красоты и гармонии.\",\"members_count\":\"15\",\"address\":\"Киев, ул. Регенератораная, 4, корп. 2, оф. 396\",\"price\":\"250\",\"profit\":\"3750\",\"cost\":\"\",\"type\":\"training\",\"status\":\"new\",\"date_start\":\"2016-03-09 20:32:05\",\"date_end\":null,\"in_main_slider\":0}'),
(32,'models\\Event',3,1,'Updated','2016-03-09 21:40:54','[\"id\",\"name\",\"owner_id\",\"owner_name\",\"description\",\"members_count\",\"address\",\"price\",\"profit\",\"cost\",\"type\",\"status\",\"date_start\",\"date_end\",\"in_main_slider\"]','{\"address\":\"Киев, ул. Регенератораная, 4, корп. 2, оф. 396\",\"id\":\"3\",\"name\":\"Тренинг по здоровому образу жизни\",\"owner_id\":\"1\",\"owner_name\":\"Дмитрий Кушнерёв\",\"description\":\"Тренинг затрагивает основные аспекты здорового образа жизни:\\r\\nСпорт, питание, вредные привычки, экология, личная жизнь и отношения, а также астрология и многое-многое другое.\\r\\nВы узнаете много интересно, научитесь справляться со стрессом на работе и дома, избавитесь от панических атак и обретёте высшую свободу в мире красоты и гармонии.\",\"members_count\":\"15\",\"price\":\"250\",\"profit\":\"\",\"cost\":\"\",\"type\":\"training\",\"status\":\"new\",\"date_start\":\"2016-03-09 20:32:05\",\"date_end\":null,\"in_main_slider\":0}','{\"id\":\"3\",\"name\":\"Тренинг по здоровому образу жизни\",\"owner_id\":\"1\",\"owner_name\":\"Дмитрий Кушнерёв\",\"description\":\"Тренинг затрагивает основные аспекты здорового образа жизни:\\r\\nСпорт, питание, вредные привычки, экология, личная жизнь и отношения, а также астрология и многое-многое другое.\\r\\nВы узнаете много интересно, научитесь справляться со стрессом на работе и дома, избавитесь от панических атак и обретёте высшую свободу в мире красоты и гармонии.\",\"members_count\":\"15\",\"address\":\"Киев, ул. Регенератораная, 4, корп. 2, оф. 396\",\"price\":\"250\",\"profit\":\"\",\"cost\":\"\",\"type\":\"training\",\"status\":\"new\",\"date_start\":\"2016-03-09 20:32:05\",\"date_end\":null,\"in_main_slider\":0}'),
(33,'models\\User',1,1,'Logout','2016-03-09 21:42:15',NULL,NULL,NULL),
(34,'models\\User',1,1,'Login','2016-03-09 21:42:33',NULL,NULL,NULL),
(35,'models\\User',1,1,'Logout','2016-03-09 21:43:37',NULL,NULL,NULL),
(36,'models\\User',2,2,'Login','2016-03-09 21:44:03',NULL,NULL,NULL),
(37,'models\\User',1,1,'Login','2016-03-09 22:07:26',NULL,NULL,NULL),
(38,'models\\Event',3,1,'Stopped','2016-03-09 22:11:06','[\"status\"]','{\"status\":\"new\"}','{\"status\":\"past\"}'),
(39,'models\\Event',3,1,'Updated','2016-03-09 22:13:31','[\"id\",\"name\",\"owner_id\",\"owner_name\",\"description\",\"members_count\",\"address\",\"price\",\"profit\",\"cost\",\"type\",\"status\",\"date_start\",\"date_end\",\"in_main_slider\"]','{\"address\":\"Киев, ул. Регенератораная, 4, корп. 2, оф. 396\",\"id\":\"3\",\"name\":\"Тренинг по здоровому образу жизни\",\"owner_id\":\"1\",\"owner_name\":\"Дмитрий Кушнерёв\",\"description\":\"Тренинг затрагивает основные аспекты здорового образа жизни:\\r\\nСпорт, питание, вредные привычки, экология, личная жизнь и отношения, а также астрология и многое-многое другое.\\r\\nВы узнаете много интересно, научитесь справляться со стрессом на работе и дома, избавитесь от панических атак и обретёте высшую свободу в мире красоты и гармонии.\",\"members_count\":\"15\",\"price\":250,\"profit\":3750,\"cost\":null,\"type\":\"training\",\"status\":\"new\",\"date_start\":\"2016-03-09 20:32:05\",\"date_end\":null,\"in_main_slider\":0}','{\"id\":\"3\",\"name\":\"Тренинг по здоровому образу жизни\",\"owner_id\":\"1\",\"owner_name\":\"Дмитрий Кушнерёв\",\"description\":\"Тренинг затрагивает основные аспекты здорового образа жизни:\\r\\nСпорт, питание, вредные привычки, экология, личная жизнь и отношения, а также астрология и многое-многое другое.\\r\\nВы узнаете много интересно, научитесь справляться со стрессом на работе и дома, избавитесь от панических атак и обретёте высшую свободу в мире красоты и гармонии.\",\"members_count\":\"15\",\"address\":\"Киев, ул. Регенератораная, 4, корп. 2, оф. 396\",\"price\":250,\"profit\":3750,\"cost\":null,\"type\":\"training\",\"status\":\"new\",\"date_start\":\"2016-03-09 20:32:05\",\"date_end\":null,\"in_main_slider\":0}'),
(40,'models\\Event',3,1,'Updated','2016-03-09 22:13:57','[\"id\",\"name\",\"owner_id\",\"owner_name\",\"description\",\"members_count\",\"address\",\"price\",\"profit\",\"cost\",\"type\",\"status\",\"date_start\",\"date_end\",\"in_main_slider\"]','{\"address\":\"Киев, ул. Регенератораная, 4, корп. 2, оф. 396\",\"id\":\"3\",\"name\":\"Тренинг по здоровому образу жизни\",\"owner_id\":\"1\",\"owner_name\":\"Дмитрий Кушнерёв\",\"description\":\"Тренинг затрагивает основные аспекты здорового образа жизни:\\r\\nСпорт, питание, вредные привычки, экология, личная жизнь и отношения, а также астрология и многое-многое другое.\\r\\nВы узнаете много интересно, научитесь справляться со стрессом на работе и дома, избавитесь от панических атак и обретёте высшую свободу в мире красоты и гармонии.\",\"members_count\":\"15\",\"price\":\"250\",\"profit\":\"0\",\"cost\":\"\",\"type\":\"training\",\"status\":\"new\",\"date_start\":\"2016-03-09 20:32:05\",\"date_end\":null,\"in_main_slider\":0}','{\"id\":\"3\",\"name\":\"Тренинг по здоровому образу жизни\",\"owner_id\":\"1\",\"owner_name\":\"Дмитрий Кушнерёв\",\"description\":\"Тренинг затрагивает основные аспекты здорового образа жизни:\\r\\nСпорт, питание, вредные привычки, экология, личная жизнь и отношения, а также астрология и многое-многое другое.\\r\\nВы узнаете много интересно, научитесь справляться со стрессом на работе и дома, избавитесь от панических атак и обретёте высшую свободу в мире красоты и гармонии.\",\"members_count\":\"15\",\"address\":\"Киев, ул. Регенератораная, 4, корп. 2, оф. 396\",\"price\":\"250\",\"profit\":\"0\",\"cost\":\"\",\"type\":\"training\",\"status\":\"new\",\"date_start\":\"2016-03-09 20:32:05\",\"date_end\":null,\"in_main_slider\":0}'),
(41,'models\\Event',3,1,'Updated','2016-03-10 23:43:51','[\"id\",\"name\",\"owner_id\",\"owner_name\",\"description\",\"members_count\",\"address\",\"price\",\"profit\",\"cost\",\"type\",\"status\",\"date_start\",\"date_end\",\"in_main_slider\"]','{\"address\":\"Киев, ул. Регенератораная, 4, корп. 2, оф. 396\",\"id\":\"3\",\"name\":\"Тренинг по здоровому образу жизни\",\"owner_id\":\"1\",\"owner_name\":\"Дмитрий Кушнерёв\",\"description\":\"Тренинг затрагивает основные аспекты здорового образа жизни:\\r\\nСпорт, питание, вредные привычки, экология, личная жизнь и отношения, а также астрология и многое-многое другое.\\r\\nВы узнаете много интересно, научитесь справляться со стрессом на работе и дома, избавитесь от панических атак и обретёте высшую свободу в мире красоты и гармонии.\",\"members_count\":\"15\",\"price\":\"250\",\"profit\":\"0\",\"cost\":\"\",\"type\":\"training\",\"status\":\"new\",\"date_start\":\"2016-03-09 20:32:05\",\"date_end\":null,\"in_main_slider\":0}','{\"id\":\"3\",\"name\":\"Тренинг по здоровому образу жизни\",\"owner_id\":\"1\",\"owner_name\":\"Дмитрий Кушнерёв\",\"description\":\"Тренинг затрагивает основные аспекты здорового образа жизни:\\r\\nСпорт, питание, вредные привычки, экология, личная жизнь и отношения, а также астрология и многое-многое другое.\\r\\nВы узнаете много интересно, научитесь справляться со стрессом на работе и дома, избавитесь от панических атак и обретёте высшую свободу в мире красоты и гармонии.\",\"members_count\":\"15\",\"address\":\"Киев, ул. Регенератораная, 4, корп. 2, оф. 396\",\"price\":\"250\",\"profit\":\"0\",\"cost\":\"\",\"type\":\"training\",\"status\":\"new\",\"date_start\":\"2016-03-09 20:32:05\",\"date_end\":null,\"in_main_slider\":0}'),
(42,'models\\Event',4,1,'Created','2016-03-11 00:38:29',NULL,NULL,NULL),
(43,'models\\Event',16,1,'Created','2016-03-11 01:38:46',NULL,NULL,NULL),
(44,'models\\Event',3,1,'Updated','2016-03-11 17:14:31','[\"id\",\"name\",\"owner_id\",\"owner_name\",\"description\",\"members_count\",\"address\",\"price\",\"profit\",\"cost\",\"type\",\"status\",\"date_start\",\"date_end\",\"in_main_slider\"]','{\"address\":\"Киев, ул. Регенератораная, 4, корп. 2, оф. 396\",\"id\":\"3\",\"name\":\"Тренинг по здоровому образу жизни\",\"owner_id\":\"1\",\"owner_name\":\"Дмитрий Кушнерёв\",\"description\":\"Тренинг затрагивает основные аспекты здорового образа жизни:\\r\\nСпорт, питание, вредные привычки, экология, личная жизнь и отношения, а также астрология и многое-многое другое.\\r\\nВы узнаете много интересно, научитесь справляться со стрессом на работе и дома, избавитесь от панических атак и обретёте высшую свободу в мире красоты и гармонии.\",\"members_count\":\"15\",\"price\":\"250\",\"profit\":\"0\",\"cost\":\"\",\"type\":\"training\",\"status\":\"new\",\"date_start\":\"2016-03-09 20:32:05\",\"date_end\":null,\"in_main_slider\":0}','{\"id\":\"3\",\"name\":\"Тренинг по здоровому образу жизни\",\"owner_id\":\"1\",\"owner_name\":\"Дмитрий Кушнерёв\",\"description\":\"Тренинг затрагивает основные аспекты здорового образа жизни:\\r\\nСпорт, питание, вредные привычки, экология, личная жизнь и отношения, а также астрология и многое-многое другое.\\r\\nВы узнаете много интересно, научитесь справляться со стрессом на работе и дома, избавитесь от панических атак и обретёте высшую свободу в мире красоты и гармонии.\",\"members_count\":\"15\",\"address\":\"Киев, ул. Регенератораная, 4, корп. 2, оф. 396\",\"price\":\"250\",\"profit\":\"0\",\"cost\":\"\",\"type\":\"training\",\"status\":\"new\",\"date_start\":\"2016-03-09 20:32:05\",\"date_end\":null,\"in_main_slider\":0}'),
(45,'models\\Event',3,1,'Updated','2016-03-11 17:35:14','[\"id\",\"name\",\"owner_id\",\"owner_name\",\"description\",\"members_count\",\"address\",\"price\",\"profit\",\"cost\",\"type\",\"status\",\"date_start\",\"date_end\",\"in_main_slider\"]','{\"address\":\"Киев, ул. Регенератораная, 4, корп. 2, оф. 396\",\"id\":\"3\",\"name\":\"Тренинг по здоровому образу жизни\",\"owner_id\":\"1\",\"owner_name\":\"Дмитрий Кушнерёв\",\"description\":\"Тренинг затрагивает основные аспекты здорового образа жизни:\\r\\nСпорт, питание, вредные привычки, экология, личная жизнь и отношения, а также астрология и многое-многое другое.\\r\\nВы узнаете много интересно, научитесь справляться со стрессом на работе и дома, избавитесь от панических атак и обретёте высшую свободу в мире красоты и гармонии.\",\"members_count\":\"15\",\"price\":\"250\",\"profit\":\"0\",\"cost\":\"\",\"type\":\"training\",\"status\":\"new\",\"date_start\":\"2016-03-09 20:32:05\",\"date_end\":null,\"in_main_slider\":0}','{\"id\":\"3\",\"name\":\"Тренинг по здоровому образу жизни\",\"owner_id\":\"1\",\"owner_name\":\"Дмитрий Кушнерёв\",\"description\":\"Тренинг затрагивает основные аспекты здорового образа жизни:\\r\\nСпорт, питание, вредные привычки, экология, личная жизнь и отношения, а также астрология и многое-многое другое.\\r\\nВы узнаете много интересно, научитесь справляться со стрессом на работе и дома, избавитесь от панических атак и обретёте высшую свободу в мире красоты и гармонии.\",\"members_count\":\"15\",\"address\":\"Киев, ул. Регенератораная, 4, корп. 2, оф. 396\",\"price\":\"250\",\"profit\":\"0\",\"cost\":\"\",\"type\":\"training\",\"status\":\"new\",\"date_start\":\"2016-03-09 20:32:05\",\"date_end\":null,\"in_main_slider\":0}'),
(46,'models\\Event',3,1,'Updated','2016-03-11 17:38:26','[\"id\",\"name\",\"owner_id\",\"owner_name\",\"description\",\"members_count\",\"address\",\"price\",\"profit\",\"cost\",\"type\",\"status\",\"date_start\",\"date_end\",\"in_main_slider\"]','{\"address\":\"Киев, ул. Регенератораная, 4, корп. 2, оф. 396\",\"id\":\"3\",\"name\":\"Тренинг по здоровому образу жизни\",\"owner_id\":\"1\",\"owner_name\":\"Дмитрий Кушнерёв\",\"description\":\"Тренинг затрагивает основные аспекты здорового образа жизни:\\r\\nСпорт, питание, вредные привычки, экология, личная жизнь и отношения, а также астрология и многое-многое другое.\\r\\nВы узнаете много интересно, научитесь справляться со стрессом на работе и дома, избавитесь от панических атак и обретёте высшую свободу в мире красоты и гармонии.\",\"members_count\":\"15\",\"price\":\"250\",\"profit\":\"0\",\"cost\":\"\",\"type\":\"training\",\"status\":\"new\",\"date_start\":\"2016-03-09 20:32:05\",\"date_end\":null,\"in_main_slider\":0}','{\"id\":\"3\",\"name\":\"Тренинг по здоровому образу жизни\",\"owner_id\":\"1\",\"owner_name\":\"Дмитрий Кушнерёв\",\"description\":\"Тренинг затрагивает основные аспекты здорового образа жизни:\\r\\nСпорт, питание, вредные привычки, экология, личная жизнь и отношения, а также астрология и многое-многое другое.\\r\\nВы узнаете много интересно, научитесь справляться со стрессом на работе и дома, избавитесь от панических атак и обретёте высшую свободу в мире красоты и гармонии.\",\"members_count\":\"15\",\"address\":\"Киев, ул. Регенератораная, 4, корп. 2, оф. 396\",\"price\":\"250\",\"profit\":\"0\",\"cost\":\"\",\"type\":\"training\",\"status\":\"new\",\"date_start\":\"2016-03-09 20:32:05\",\"date_end\":null,\"in_main_slider\":0}'),
(47,'models\\Event',17,1,'Created','2016-03-11 17:40:50',NULL,NULL,NULL),
(48,'models\\Event',17,1,'Updated','2016-03-11 17:44:59','[\"id\",\"name\",\"owner_id\",\"owner_name\",\"description\",\"members_count\",\"address\",\"price\",\"profit\",\"cost\",\"type\",\"status\",\"date_start\",\"date_end\",\"in_main_slider\"]','{\"address\":\"Киев, ул. Регенератораная, 4, корп. 2, оф. 396\",\"id\":\"17\",\"name\":\"Тренинг по здоровому питанию\",\"owner_id\":\"1\",\"owner_name\":\"Дмитрий Кушнерёв\",\"description\":\"Тренинг затрагивает основные аспекты здорового образа жизни:\\r\\nСпорт, питание, вредные привычки, экология, личная жизнь и отношения, а также астрология и многое-многое другое.\\r\\nВы узнаете много интересно, научитесь справляться со стрессом на работе и дома, избавитесь от панических атак и обретёте высшую свободу в мире красоты и гармонии.\",\"members_count\":\"15\",\"price\":\"250\",\"profit\":\"\",\"cost\":\"\",\"type\":\"training\",\"status\":\"new\",\"date_start\":\"2016-03-11 17:40:50\",\"date_end\":null,\"in_main_slider\":0}','{\"id\":\"17\",\"name\":\"Тренинг по здоровому питанию\",\"owner_id\":\"1\",\"owner_name\":\"Дмитрий Кушнерёв\",\"description\":\"Тренинг затрагивает основные аспекты здорового образа жизни:\\r\\nСпорт, питание, вредные привычки, экология, личная жизнь и отношения, а также астрология и многое-многое другое.\\r\\nВы узнаете много интересно, научитесь справляться со стрессом на работе и дома, избавитесь от панических атак и обретёте высшую свободу в мире красоты и гармонии.\",\"members_count\":\"15\",\"address\":\"Киев, ул. Регенератораная, 4, корп. 2, оф. 396\",\"price\":\"250\",\"profit\":\"\",\"cost\":\"\",\"type\":\"training\",\"status\":\"new\",\"date_start\":\"2016-03-11 17:40:50\",\"date_end\":null,\"in_main_slider\":0}'),
(49,'models\\Event',17,1,'Updated','2016-03-11 17:45:31','[\"id\",\"name\",\"owner_id\",\"owner_name\",\"description\",\"members_count\",\"address\",\"price\",\"profit\",\"cost\",\"type\",\"status\",\"date_start\",\"date_end\",\"in_main_slider\"]','{\"address\":\"Киев, ул. Регенератораная, 4, корп. 2, оф. 396\",\"id\":\"17\",\"name\":\"Тренинг по здоровому питанию\",\"owner_id\":\"1\",\"owner_name\":\"Дмитрий Кушнерёв\",\"description\":\"Тренинг затрагивает основные аспекты здорового образа жизни:\\r\\nСпорт, питание, вредные привычки, экология, личная жизнь и отношения, а также астрология и многое-многое другое.\\r\\nВы узнаете много интересно, научитесь справляться со стрессом на работе и дома, избавитесь от панических атак и обретёте высшую свободу в мире красоты и гармонии.\",\"members_count\":\"15\",\"price\":\"250\",\"profit\":\"\",\"cost\":\"\",\"type\":\"training\",\"status\":\"new\",\"date_start\":\"2016-03-11 17:40:50\",\"date_end\":null,\"in_main_slider\":0}','{\"id\":\"17\",\"name\":\"Тренинг по здоровому питанию\",\"owner_id\":\"1\",\"owner_name\":\"Дмитрий Кушнерёв\",\"description\":\"Тренинг затрагивает основные аспекты здорового образа жизни:\\r\\nСпорт, питание, вредные привычки, экология, личная жизнь и отношения, а также астрология и многое-многое другое.\\r\\nВы узнаете много интересно, научитесь справляться со стрессом на работе и дома, избавитесь от панических атак и обретёте высшую свободу в мире красоты и гармонии.\",\"members_count\":\"15\",\"address\":\"Киев, ул. Регенератораная, 4, корп. 2, оф. 396\",\"price\":\"250\",\"profit\":\"\",\"cost\":\"\",\"type\":\"training\",\"status\":\"new\",\"date_start\":\"2016-03-11 17:40:50\",\"date_end\":null,\"in_main_slider\":0}'),
(50,'models\\Event',17,1,'Updated','2016-03-11 17:48:59','[\"id\",\"name\",\"owner_id\",\"owner_name\",\"description\",\"members_count\",\"address\",\"price\",\"profit\",\"cost\",\"type\",\"status\",\"date_start\",\"date_end\",\"in_main_slider\"]','{\"address\":\"Киев, ул. Регенератораная, 4, корп. 2, оф. 396\",\"id\":\"17\",\"name\":\"Тренинг по здоровому питанию\",\"owner_id\":\"1\",\"owner_name\":\"Дмитрий Кушнерёв\",\"description\":\"Тренинг затрагивает основные аспекты здорового образа жизни:\\r\\nСпорт, питание, вредные привычки, экология, личная жизнь и отношения, а также астрология и многое-многое другое.\\r\\nВы узнаете много интересно, научитесь справляться со стрессом на работе и дома, избавитесь от панических атак и обретёте высшую свободу в мире красоты и гармонии.\",\"members_count\":\"15\",\"price\":\"250\",\"profit\":\"\",\"cost\":\"\",\"type\":\"training\",\"status\":\"new\",\"date_start\":\"2016-03-11 17:40:50\",\"date_end\":null,\"in_main_slider\":0}','{\"id\":\"17\",\"name\":\"Тренинг по здоровому питанию\",\"owner_id\":\"1\",\"owner_name\":\"Дмитрий Кушнерёв\",\"description\":\"Тренинг затрагивает основные аспекты здорового образа жизни:\\r\\nСпорт, питание, вредные привычки, экология, личная жизнь и отношения, а также астрология и многое-многое другое.\\r\\nВы узнаете много интересно, научитесь справляться со стрессом на работе и дома, избавитесь от панических атак и обретёте высшую свободу в мире красоты и гармонии.\",\"members_count\":\"15\",\"address\":\"Киев, ул. Регенератораная, 4, корп. 2, оф. 396\",\"price\":\"250\",\"profit\":\"\",\"cost\":\"\",\"type\":\"training\",\"status\":\"new\",\"date_start\":\"2016-03-11 17:40:50\",\"date_end\":null,\"in_main_slider\":0}'),
(51,'models\\Event',17,1,'Updated','2016-03-11 17:49:06','[\"id\",\"name\",\"owner_id\",\"owner_name\",\"description\",\"members_count\",\"address\",\"price\",\"profit\",\"cost\",\"type\",\"status\",\"date_start\",\"date_end\",\"in_main_slider\"]','{\"address\":\"Киев, ул. Регенератораная, 4, корп. 2, оф. 396\",\"id\":\"17\",\"name\":\"Тренинг по здоровому питанию\",\"owner_id\":\"1\",\"owner_name\":\"Дмитрий Кушнерёв\",\"description\":\"Тренинг затрагивает основные аспекты здорового образа жизни:\\r\\nСпорт, питание, вредные привычки, экология, личная жизнь и отношения, а также астрология и многое-многое другое.\\r\\nВы узнаете много интересно, научитесь справляться со стрессом на работе и дома, избавитесь от панических атак и обретёте высшую свободу в мире красоты и гармонии.\",\"members_count\":\"15\",\"price\":\"250\",\"profit\":\"\",\"cost\":\"\",\"type\":\"training\",\"status\":\"new\",\"date_start\":\"2016-03-11 17:40:50\",\"date_end\":null,\"in_main_slider\":0}','{\"id\":\"17\",\"name\":\"Тренинг по здоровому питанию\",\"owner_id\":\"1\",\"owner_name\":\"Дмитрий Кушнерёв\",\"description\":\"Тренинг затрагивает основные аспекты здорового образа жизни:\\r\\nСпорт, питание, вредные привычки, экология, личная жизнь и отношения, а также астрология и многое-многое другое.\\r\\nВы узнаете много интересно, научитесь справляться со стрессом на работе и дома, избавитесь от панических атак и обретёте высшую свободу в мире красоты и гармонии.\",\"members_count\":\"15\",\"address\":\"Киев, ул. Регенератораная, 4, корп. 2, оф. 396\",\"price\":\"250\",\"profit\":\"\",\"cost\":\"\",\"type\":\"training\",\"status\":\"new\",\"date_start\":\"2016-03-11 17:40:50\",\"date_end\":null,\"in_main_slider\":0}'),
(52,'models\\Event',17,1,'Started','2016-03-11 18:33:41','[\"status\"]','{\"status\":\"new\"}','{\"status\":\"current\"}'),
(53,'models\\Event',18,1,'Created','2016-03-11 19:08:56',NULL,NULL,NULL),
(54,'models\\Event',18,1,'Updated','2016-03-11 19:09:14','[\"id\",\"name\",\"owner_id\",\"owner_name\",\"description\",\"members_count\",\"address\",\"price\",\"profit\",\"cost\",\"type\",\"status\",\"date_start\",\"date_end\",\"in_main_slider\"]','{\"address\":\"Киев, ул. Регенератораная, 4, корп. 2, оф. 396\",\"id\":\"18\",\"name\":\"Тренинг по здоровому питанию\",\"owner_id\":\"1\",\"owner_name\":\"Дмитрий Кушнерёв\",\"description\":\"retre\",\"members_count\":\"15\",\"price\":\"250\",\"profit\":\"\",\"cost\":\"\",\"type\":\"training\",\"status\":\"new\",\"date_start\":\"2016-03-11 19:08:56\",\"date_end\":null,\"in_main_slider\":0}','{\"id\":\"18\",\"name\":\"Тренинг по здоровому питанию\",\"owner_id\":\"1\",\"owner_name\":\"Дмитрий Кушнерёв\",\"description\":\"retre\",\"members_count\":\"15\",\"address\":\"Киев, ул. Регенератораная, 4, корп. 2, оф. 396\",\"price\":\"250\",\"profit\":\"\",\"cost\":\"\",\"type\":\"training\",\"status\":\"new\",\"date_start\":\"2016-03-11 19:08:56\",\"date_end\":null,\"in_main_slider\":0}'),
(55,'models\\Event',18,1,'Deleted','2016-03-11 19:14:38',NULL,NULL,NULL),
(56,'models\\Event',19,1,'Created','2016-03-11 19:18:40',NULL,NULL,NULL),
(57,'models\\Event',19,1,'Updated','2016-03-11 19:18:53','[\"id\",\"name\",\"owner_id\",\"owner_name\",\"description\",\"members_count\",\"address\",\"price\",\"profit\",\"cost\",\"type\",\"status\",\"date_start\",\"date_end\",\"in_main_slider\"]','{\"address\":\"Киев, ул. Регенератораная, 4, корп. 2, оф. 396\",\"id\":\"19\",\"name\":\"Тренинг по здоровому питанию\",\"owner_id\":\"1\",\"owner_name\":\"Дмитрий Кушнерёв\",\"description\":\"Тренинг затрагивает основные аспекты здорового образа жизни:\\r\\nСпорт, питание, вредные привычки, экология, личная жизнь и отношения, а также астрология и многое-многое другое.\\r\\nВы узнаете много интересно, научитесь справляться со стрессом на работе и дома, избавитесь от панических атак и обретёте высшую свободу в мире красоты и гармонии.\",\"members_count\":\"15\",\"price\":\"250\",\"profit\":\"\",\"cost\":\"\",\"type\":\"training\",\"status\":\"new\",\"date_start\":\"2016-03-11 19:18:40\",\"date_end\":null,\"in_main_slider\":0}','{\"id\":\"19\",\"name\":\"Тренинг по здоровому питанию\",\"owner_id\":\"1\",\"owner_name\":\"Дмитрий Кушнерёв\",\"description\":\"Тренинг затрагивает основные аспекты здорового образа жизни:\\r\\nСпорт, питание, вредные привычки, экология, личная жизнь и отношения, а также астрология и многое-многое другое.\\r\\nВы узнаете много интересно, научитесь справляться со стрессом на работе и дома, избавитесь от панических атак и обретёте высшую свободу в мире красоты и гармонии.\",\"members_count\":\"15\",\"address\":\"Киев, ул. Регенератораная, 4, корп. 2, оф. 396\",\"price\":\"250\",\"profit\":\"\",\"cost\":\"\",\"type\":\"training\",\"status\":\"new\",\"date_start\":\"2016-03-11 19:18:40\",\"date_end\":null,\"in_main_slider\":0}'),
(58,'models\\Event',22,1,'Created','2016-03-11 19:20:40',NULL,NULL,NULL),
(59,'models\\Event',22,1,'Updated','2016-03-11 19:21:05','[\"id\",\"name\",\"owner_id\",\"owner_name\",\"description\",\"members_count\",\"address\",\"price\",\"profit\",\"cost\",\"type\",\"status\",\"date_start\",\"date_end\",\"in_main_slider\"]','{\"address\":\"Киев, ул. Регенератораная, 4, корп. 2, оф. 396\",\"id\":\"22\",\"name\":\"Тренинг по здоровому образу жизни\",\"owner_id\":\"1\",\"owner_name\":\"Дмитрий Кушнерёв\",\"description\":\"Тренинг затрагивает основные аспекты здорового образа жизни:\\r\\nСпорт, питание, вредные привычки, экология, личная жизнь и отношения, а также астрология и многое-многое другое.\\r\\nВы узнаете много интересно, научитесь справляться со стрессом на работе и дома, избавитесь от панических атак и обретёте высшую свободу в мире красоты и гармонии.\",\"members_count\":\"15\",\"price\":\"250\",\"profit\":\"\",\"cost\":\"\",\"type\":\"training\",\"status\":\"new\",\"date_start\":\"2016-03-11 19:20:40\",\"date_end\":null,\"in_main_slider\":0}','{\"id\":\"22\",\"name\":\"Тренинг по здоровому образу жизни\",\"owner_id\":\"1\",\"owner_name\":\"Дмитрий Кушнерёв\",\"description\":\"Тренинг затрагивает основные аспекты здорового образа жизни:\\r\\nСпорт, питание, вредные привычки, экология, личная жизнь и отношения, а также астрология и многое-многое другое.\\r\\nВы узнаете много интересно, научитесь справляться со стрессом на работе и дома, избавитесь от панических атак и обретёте высшую свободу в мире красоты и гармонии.\",\"members_count\":\"15\",\"address\":\"Киев, ул. Регенератораная, 4, корп. 2, оф. 396\",\"price\":\"250\",\"profit\":\"\",\"cost\":\"\",\"type\":\"training\",\"status\":\"new\",\"date_start\":\"2016-03-11 19:20:40\",\"date_end\":null,\"in_main_slider\":0}'),
(60,'models\\Event',22,1,'Updated','2016-03-11 19:21:17','[\"id\",\"name\",\"owner_id\",\"owner_name\",\"description\",\"members_count\",\"address\",\"price\",\"profit\",\"cost\",\"type\",\"status\",\"date_start\",\"date_end\",\"in_main_slider\"]','{\"address\":\"Киев, ул. Регенератораная, 4, корп. 2, оф. 396\",\"id\":\"22\",\"name\":\"Тренинг по здоровому образу жизни\",\"owner_id\":\"1\",\"owner_name\":\"Дмитрий Кушнерёв\",\"description\":\"Тренинг затрагивает основные аспекты здорового образа жизни:\\r\\nСпорт, питание, вредные привычки, экология, личная жизнь и отношения, а также астрология и многое-многое другое.\\r\\nВы узнаете много интересно, научитесь справляться со стрессом на работе и дома, избавитесь от панических атак и обретёте высшую свободу в мире красоты и гармонии.\",\"members_count\":\"15\",\"price\":\"250\",\"profit\":\"\",\"cost\":\"\",\"type\":\"training\",\"status\":\"new\",\"date_start\":\"2016-03-11 19:20:40\",\"date_end\":null,\"in_main_slider\":0}','{\"id\":\"22\",\"name\":\"Тренинг по здоровому образу жизни\",\"owner_id\":\"1\",\"owner_name\":\"Дмитрий Кушнерёв\",\"description\":\"Тренинг затрагивает основные аспекты здорового образа жизни:\\r\\nСпорт, питание, вредные привычки, экология, личная жизнь и отношения, а также астрология и многое-многое другое.\\r\\nВы узнаете много интересно, научитесь справляться со стрессом на работе и дома, избавитесь от панических атак и обретёте высшую свободу в мире красоты и гармонии.\",\"members_count\":\"15\",\"address\":\"Киев, ул. Регенератораная, 4, корп. 2, оф. 396\",\"price\":\"250\",\"profit\":\"\",\"cost\":\"\",\"type\":\"training\",\"status\":\"new\",\"date_start\":\"2016-03-11 19:20:40\",\"date_end\":null,\"in_main_slider\":0}'),
(61,'models\\Event',25,1,'Created','2016-03-11 19:31:19',NULL,NULL,NULL),
(62,'models\\Event',25,1,'Updated','2016-03-11 19:31:33','[\"id\",\"name\",\"owner_id\",\"owner_name\",\"description\",\"members_count\",\"address\",\"price\",\"profit\",\"cost\",\"type\",\"status\",\"date_start\",\"date_end\",\"in_main_slider\"]','{\"address\":\"Киев, ул. Регенератораная, 4, корп. 2, оф. 396\",\"id\":\"25\",\"name\":\"Тренинг по нездоровому питанию\",\"owner_id\":\"1\",\"owner_name\":\"Дмитрий Кушнерёв\",\"description\":\"Тренинг затрагивает основные аспекты здорового образа жизни:\\r\\nСпорт, питание, вредные привычки, экология, личная жизнь и отношения, а также астрология и многое-многое другое.\\r\\nВы узнаете много интересно, научитесь справляться со стрессом на работе и дома, избавитесь от панических атак и обретёте высшую свободу в мире красоты и гармонии.\",\"members_count\":\"15\",\"price\":\"250\",\"profit\":\"\",\"cost\":\"\",\"type\":\"training\",\"status\":\"new\",\"date_start\":\"2016-03-11 19:31:19\",\"date_end\":null,\"in_main_slider\":0}','{\"id\":\"25\",\"name\":\"Тренинг по нездоровому питанию\",\"owner_id\":\"1\",\"owner_name\":\"Дмитрий Кушнерёв\",\"description\":\"Тренинг затрагивает основные аспекты здорового образа жизни:\\r\\nСпорт, питание, вредные привычки, экология, личная жизнь и отношения, а также астрология и многое-многое другое.\\r\\nВы узнаете много интересно, научитесь справляться со стрессом на работе и дома, избавитесь от панических атак и обретёте высшую свободу в мире красоты и гармонии.\",\"members_count\":\"15\",\"address\":\"Киев, ул. Регенератораная, 4, корп. 2, оф. 396\",\"price\":\"250\",\"profit\":\"\",\"cost\":\"\",\"type\":\"training\",\"status\":\"new\",\"date_start\":\"2016-03-11 19:31:19\",\"date_end\":null,\"in_main_slider\":0}'),
(63,'models\\Event',25,1,'Updated','2016-03-11 19:32:00','[\"id\",\"name\",\"owner_id\",\"owner_name\",\"description\",\"members_count\",\"address\",\"price\",\"profit\",\"cost\",\"type\",\"status\",\"date_start\",\"date_end\",\"in_main_slider\"]','{\"address\":\"Киев, ул. Регенератораная, 4, корп. 2, оф. 396\",\"id\":\"25\",\"name\":\"Тренинг по нездоровому питанию\",\"owner_id\":\"1\",\"owner_name\":\"Дмитрий Кушнерёв\",\"description\":\"Тренинг затрагивает основные аспекты здорового образа жизни:\\r\\nСпорт, питание, вредные привычки, экология, личная жизнь и отношения, а также астрология и многое-многое другое.\\r\\nВы узнаете много интересно, научитесь справляться со стрессом на работе и дома, избавитесь от панических атак и обретёте высшую свободу в мире красоты и гармонии.\",\"members_count\":\"15\",\"price\":\"250\",\"profit\":\"\",\"cost\":\"\",\"type\":\"training\",\"status\":\"new\",\"date_start\":\"2016-03-11 19:31:19\",\"date_end\":null,\"in_main_slider\":0}','{\"id\":\"25\",\"name\":\"Тренинг по нездоровому питанию\",\"owner_id\":\"1\",\"owner_name\":\"Дмитрий Кушнерёв\",\"description\":\"Тренинг затрагивает основные аспекты здорового образа жизни:\\r\\nСпорт, питание, вредные привычки, экология, личная жизнь и отношения, а также астрология и многое-многое другое.\\r\\nВы узнаете много интересно, научитесь справляться со стрессом на работе и дома, избавитесь от панических атак и обретёте высшую свободу в мире красоты и гармонии.\",\"members_count\":\"15\",\"address\":\"Киев, ул. Регенератораная, 4, корп. 2, оф. 396\",\"price\":\"250\",\"profit\":\"\",\"cost\":\"\",\"type\":\"training\",\"status\":\"new\",\"date_start\":\"2016-03-11 19:31:19\",\"date_end\":null,\"in_main_slider\":0}'),
(64,'models\\Event',25,1,'Updated','2016-03-11 19:32:22','[\"id\",\"name\",\"owner_id\",\"owner_name\",\"description\",\"members_count\",\"address\",\"price\",\"profit\",\"cost\",\"type\",\"status\",\"date_start\",\"date_end\",\"in_main_slider\"]','{\"address\":\"Киев, ул. Регенератораная, 4, корп. 2, оф. 396\",\"id\":\"25\",\"name\":\"Тренинг по нездоровому питанию\",\"owner_id\":\"1\",\"owner_name\":\"Дмитрий Кушнерёв\",\"description\":\"Тренинг затрагивает основные аспекты здорового образа жизни:\\r\\nСпорт, питание, вредные привычки, экология, личная жизнь и отношения, а также астрология и многое-многое другое.\\r\\nВы узнаете много интересно, научитесь справляться со стрессом на работе и дома, избавитесь от панических атак и обретёте высшую свободу в мире красоты и гармонии.\",\"members_count\":\"15\",\"price\":\"250\",\"profit\":\"\",\"cost\":\"\",\"type\":\"training\",\"status\":\"new\",\"date_start\":\"2016-03-11 19:31:19\",\"date_end\":null,\"in_main_slider\":0}','{\"id\":\"25\",\"name\":\"Тренинг по нездоровому питанию\",\"owner_id\":\"1\",\"owner_name\":\"Дмитрий Кушнерёв\",\"description\":\"Тренинг затрагивает основные аспекты здорового образа жизни:\\r\\nСпорт, питание, вредные привычки, экология, личная жизнь и отношения, а также астрология и многое-многое другое.\\r\\nВы узнаете много интересно, научитесь справляться со стрессом на работе и дома, избавитесь от панических атак и обретёте высшую свободу в мире красоты и гармонии.\",\"members_count\":\"15\",\"address\":\"Киев, ул. Регенератораная, 4, корп. 2, оф. 396\",\"price\":\"250\",\"profit\":\"\",\"cost\":\"\",\"type\":\"training\",\"status\":\"new\",\"date_start\":\"2016-03-11 19:31:19\",\"date_end\":null,\"in_main_slider\":0}'),
(65,'models\\Event',25,1,'Updated','2016-03-11 19:32:52','[\"id\",\"name\",\"owner_id\",\"owner_name\",\"description\",\"members_count\",\"address\",\"price\",\"profit\",\"cost\",\"type\",\"status\",\"date_start\",\"date_end\",\"in_main_slider\"]','{\"address\":\"Киев, ул. Регенератораная, 4, корп. 2, оф. 396\",\"id\":\"25\",\"name\":\"Тренинг по нездоровому питанию\",\"owner_id\":\"1\",\"owner_name\":\"Дмитрий Кушнерёв\",\"description\":\"Тренинг затрагивает основные аспекты здорового образа жизни:\\r\\nСпорт, питание, вредные привычки, экология, личная жизнь и отношения, а также астрология и многое-многое другое.\\r\\nВы узнаете много интересно, научитесь справляться со стрессом на работе и дома, избавитесь от панических атак и обретёте высшую свободу в мире красоты и гармонии.\",\"members_count\":\"15\",\"price\":\"250\",\"profit\":\"\",\"cost\":\"\",\"type\":\"training\",\"status\":\"new\",\"date_start\":\"2016-03-11 19:31:19\",\"date_end\":null,\"in_main_slider\":0}','{\"id\":\"25\",\"name\":\"Тренинг по нездоровому питанию\",\"owner_id\":\"1\",\"owner_name\":\"Дмитрий Кушнерёв\",\"description\":\"Тренинг затрагивает основные аспекты здорового образа жизни:\\r\\nСпорт, питание, вредные привычки, экология, личная жизнь и отношения, а также астрология и многое-многое другое.\\r\\nВы узнаете много интересно, научитесь справляться со стрессом на работе и дома, избавитесь от панических атак и обретёте высшую свободу в мире красоты и гармонии.\",\"members_count\":\"15\",\"address\":\"Киев, ул. Регенератораная, 4, корп. 2, оф. 396\",\"price\":\"250\",\"profit\":\"\",\"cost\":\"\",\"type\":\"training\",\"status\":\"new\",\"date_start\":\"2016-03-11 19:31:19\",\"date_end\":null,\"in_main_slider\":0}'),
(66,'models\\Event',25,1,'Updated','2016-03-11 19:33:23','[\"id\",\"name\",\"owner_id\",\"owner_name\",\"description\",\"members_count\",\"address\",\"price\",\"profit\",\"cost\",\"type\",\"status\",\"date_start\",\"date_end\",\"in_main_slider\"]','{\"address\":\"Киев, ул. Регенератораная, 4, корп. 2, оф. 396\",\"id\":\"25\",\"name\":\"Тренинг по нездоровому питанию\",\"owner_id\":\"1\",\"owner_name\":\"Дмитрий Кушнерёв\",\"description\":\"Тренинг затрагивает основные аспекты здорового образа жизни:\\r\\nСпорт, питание, вредные привычки, экология, личная жизнь и отношения, а также астрология и многое-многое другое.\\r\\nВы узнаете много интересно, научитесь справляться со стрессом на работе и дома, избавитесь от панических атак и обретёте высшую свободу в мире красоты и гармонии.\",\"members_count\":\"15\",\"price\":\"250\",\"profit\":\"\",\"cost\":\"\",\"type\":\"training\",\"status\":\"new\",\"date_start\":\"2016-03-11 19:31:19\",\"date_end\":null,\"in_main_slider\":0}','{\"id\":\"25\",\"name\":\"Тренинг по нездоровому питанию\",\"owner_id\":\"1\",\"owner_name\":\"Дмитрий Кушнерёв\",\"description\":\"Тренинг затрагивает основные аспекты здорового образа жизни:\\r\\nСпорт, питание, вредные привычки, экология, личная жизнь и отношения, а также астрология и многое-многое другое.\\r\\nВы узнаете много интересно, научитесь справляться со стрессом на работе и дома, избавитесь от панических атак и обретёте высшую свободу в мире красоты и гармонии.\",\"members_count\":\"15\",\"address\":\"Киев, ул. Регенератораная, 4, корп. 2, оф. 396\",\"price\":\"250\",\"profit\":\"\",\"cost\":\"\",\"type\":\"training\",\"status\":\"new\",\"date_start\":\"2016-03-11 19:31:19\",\"date_end\":null,\"in_main_slider\":0}'),
(67,'models\\Event',26,1,'Created','2016-03-12 16:31:37',NULL,NULL,NULL),
(68,'models\\Event',26,1,'Updated','2016-03-12 16:35:06','[\"id\",\"name\",\"owner_id\",\"owner_name\",\"description\",\"members_count\",\"address\",\"price\",\"profit\",\"cost\",\"type\",\"status\",\"date_start\",\"date_end\",\"in_main_slider\"]','{\"address\":\"Киев, ул. Регенератораная, 4, корп. 2, оф. 396\",\"id\":\"26\",\"name\":\"Тренинг по нездоровому образу жизни\",\"owner_id\":\"1\",\"owner_name\":\"Дмитрий Кушнерёв\",\"description\":\"Тренинг затрагивает основные аспекты здорового образа жизни:\\r\\nСпорт, питание, вредные привычки, экология, личная жизнь и отношения, а также астрология и многое-многое другое.\\r\\nВы узнаете много интересно, научитесь справляться со стрессом на работе и дома, избавитесь от панических атак и обретёте высшую свободу в мире красоты и гармонии.\",\"members_count\":\"30\",\"price\":\"350\",\"profit\":\"\",\"cost\":\"\",\"type\":\"training\",\"status\":\"new\",\"date_start\":\"2016-03-12 16:31:37\",\"date_end\":null,\"in_main_slider\":0}','{\"id\":\"26\",\"name\":\"Тренинг по нездоровому образу жизни\",\"owner_id\":\"1\",\"owner_name\":\"Дмитрий Кушнерёв\",\"description\":\"Тренинг затрагивает основные аспекты здорового образа жизни:\\r\\nСпорт, питание, вредные привычки, экология, личная жизнь и отношения, а также астрология и многое-многое другое.\\r\\nВы узнаете много интересно, научитесь справляться со стрессом на работе и дома, избавитесь от панических атак и обретёте высшую свободу в мире красоты и гармонии.\",\"members_count\":\"30\",\"address\":\"Киев, ул. Регенератораная, 4, корп. 2, оф. 396\",\"price\":\"350\",\"profit\":\"\",\"cost\":\"\",\"type\":\"training\",\"status\":\"new\",\"date_start\":\"2016-03-12 16:31:37\",\"date_end\":null,\"in_main_slider\":0}'),
(69,'models\\Event',26,1,'Updated','2016-03-12 16:36:04','[\"id\",\"name\",\"owner_id\",\"owner_name\",\"description\",\"members_count\",\"address\",\"price\",\"profit\",\"cost\",\"type\",\"status\",\"date_start\",\"date_end\",\"in_main_slider\"]','{\"address\":\"Киев, ул. Регенератораная, 4, корп. 2, оф. 396\",\"id\":\"26\",\"name\":\"Тренинг по нездоровому образу жизни\",\"owner_id\":\"1\",\"owner_name\":\"Дмитрий Кушнерёв\",\"description\":\"Тренинг затрагивает основные аспекты здорового образа жизни:\\r\\nСпорт, питание, вредные привычки, экология, личная жизнь и отношения, а также астрология и многое-многое другое.\\r\\nВы узнаете много интересно, научитесь справляться со стрессом на работе и дома, избавитесь от панических атак и обретёте высшую свободу в мире красоты и гармонии.\",\"members_count\":\"30\",\"price\":\"350\",\"profit\":\"\",\"cost\":\"\",\"type\":\"training\",\"status\":\"new\",\"date_start\":\"2016-03-12 16:31:37\",\"date_end\":null,\"in_main_slider\":0}','{\"id\":\"26\",\"name\":\"Тренинг по нездоровому образу жизни\",\"owner_id\":\"1\",\"owner_name\":\"Дмитрий Кушнерёв\",\"description\":\"Тренинг затрагивает основные аспекты здорового образа жизни:\\r\\nСпорт, питание, вредные привычки, экология, личная жизнь и отношения, а также астрология и многое-многое другое.\\r\\nВы узнаете много интересно, научитесь справляться со стрессом на работе и дома, избавитесь от панических атак и обретёте высшую свободу в мире красоты и гармонии.\",\"members_count\":\"30\",\"address\":\"Киев, ул. Регенератораная, 4, корп. 2, оф. 396\",\"price\":\"350\",\"profit\":\"\",\"cost\":\"\",\"type\":\"training\",\"status\":\"new\",\"date_start\":\"2016-03-12 16:31:37\",\"date_end\":null,\"in_main_slider\":0}'),
(70,'models\\Event',26,1,'Updated','2016-03-12 16:46:47','[\"id\",\"name\",\"owner_id\",\"owner_name\",\"description\",\"members_count\",\"address\",\"price\",\"profit\",\"cost\",\"type\",\"status\",\"date_start\",\"date_end\",\"in_main_slider\"]','{\"address\":\"Киев, ул. Регенератораная, 4, корп. 2, оф. 396\",\"id\":\"26\",\"name\":\"Тренинг по нездоровому образу жизни\",\"owner_id\":\"1\",\"owner_name\":\"Дмитрий Кушнерёв\",\"description\":\"Тренинг затрагивает основные аспекты здорового образа жизни:\\r\\nСпорт, питание, вредные привычки, экология, личная жизнь и отношения, а также астрология и многое-многое другое.\\r\\nВы узнаете много интересно, научитесь справляться со стрессом на работе и дома, избавитесь от панических атак и обретёте высшую свободу в мире красоты и гармонии.\",\"members_count\":\"30\",\"price\":\"350\",\"profit\":\"\",\"cost\":\"\",\"type\":\"training\",\"status\":\"new\",\"date_start\":\"2016-03-12 16:31:37\",\"date_end\":null,\"in_main_slider\":0}','{\"id\":\"26\",\"name\":\"Тренинг по нездоровому образу жизни\",\"owner_id\":\"1\",\"owner_name\":\"Дмитрий Кушнерёв\",\"description\":\"Тренинг затрагивает основные аспекты здорового образа жизни:\\r\\nСпорт, питание, вредные привычки, экология, личная жизнь и отношения, а также астрология и многое-многое другое.\\r\\nВы узнаете много интересно, научитесь справляться со стрессом на работе и дома, избавитесь от панических атак и обретёте высшую свободу в мире красоты и гармонии.\",\"members_count\":\"30\",\"address\":\"Киев, ул. Регенератораная, 4, корп. 2, оф. 396\",\"price\":\"350\",\"profit\":\"\",\"cost\":\"\",\"type\":\"training\",\"status\":\"new\",\"date_start\":\"2016-03-12 16:31:37\",\"date_end\":null,\"in_main_slider\":0}'),
(71,'models\\User',1,1,'Logout','2016-03-12 20:33:50',NULL,NULL,NULL),
(72,'models\\User',9,9,'Login','2016-03-12 20:34:21',NULL,NULL,NULL),
(73,'models\\User',9,9,'Logout','2016-03-12 20:38:21',NULL,NULL,NULL),
(86,'models\\User',21,21,'Registration','2016-03-13 00:51:48',NULL,NULL,NULL),
(87,'models\\User',21,21,'Login','2016-03-13 00:51:48',NULL,NULL,NULL),
(88,'models\\EventUser',3,21,'Recorded','2016-03-13 00:51:48',NULL,NULL,NULL),
(89,'models\\User',21,21,'Logout','2016-03-13 00:53:48',NULL,NULL,NULL),
(90,'models\\User',14,14,'Login','2016-03-13 00:53:55',NULL,NULL,NULL),
(91,'models\\EventUser',4,14,'Recorded','2016-03-13 00:59:47',NULL,NULL,NULL),
(92,'models\\User',14,14,'Logout','2016-03-13 01:01:44',NULL,NULL,NULL),
(93,'models\\User',1,1,'Login','2016-03-13 01:01:54',NULL,NULL,NULL),
(94,'models\\User',1,1,'Logout','2016-03-13 01:20:44',NULL,NULL,NULL),
(95,'models\\User',14,14,'Login','2016-03-13 01:20:51',NULL,NULL,NULL),
(96,'models\\User',14,14,'Logout','2016-03-13 01:21:03',NULL,NULL,NULL),
(97,'models\\User',1,1,'Login','2016-03-13 01:21:10',NULL,NULL,NULL),
(98,'models\\Event',26,1,'Updated','2016-03-13 01:29:38','[\"id\",\"name\",\"owner_id\",\"owner_name\",\"description\",\"members_count\",\"address\",\"price\",\"profit\",\"cost\",\"type\",\"status\",\"date_start\",\"date_end\",\"in_main_slider\"]','{\"address\":\"Киев, ул. Регенератораная, 4, корп. 2, оф. 396\",\"id\":\"26\",\"name\":\"Тренинг по нездоровому образу жизни\",\"owner_id\":\"1\",\"owner_name\":\"Дмитрий Кушнерёв\",\"description\":\"Тренинг затрагивает основные аспекты здорового образа жизни:\\r\\nСпорт, питание, вредные привычки, экология, личная жизнь и отношения, а также астрология и многое-многое другое.\\r\\nВы узнаете много интересно, научитесь справляться со стрессом на работе и дома, избавитесь от панических атак и обретёте высшую свободу в мире красоты и гармонии.\",\"members_count\":\"30\",\"price\":350,\"profit\":null,\"cost\":null,\"type\":\"training\",\"status\":\"new\",\"date_start\":\"2016-03-12 16:31:37\",\"date_end\":null,\"in_main_slider\":0}','{\"id\":\"26\",\"name\":\"Тренинг по нездоровому образу жизни\",\"owner_id\":\"1\",\"owner_name\":\"Дмитрий Кушнерёв\",\"description\":\"Тренинг затрагивает основные аспекты здорового образа жизни:\\r\\nСпорт, питание, вредные привычки, экология, личная жизнь и отношения, а также астрология и многое-многое другое.\\r\\nВы узнаете много интересно, научитесь справляться со стрессом на работе и дома, избавитесь от панических атак и обретёте высшую свободу в мире красоты и гармонии.\",\"members_count\":\"30\",\"address\":\"Киев, ул. Регенератораная, 4, корп. 2, оф. 396\",\"price\":350,\"profit\":null,\"cost\":null,\"type\":\"training\",\"status\":\"new\",\"date_start\":\"2016-03-12 16:31:37\",\"date_end\":null,\"in_main_slider\":0}'),
(99,'models\\Event',26,1,'Updated','2016-03-13 01:30:34','[\"id\",\"name\",\"owner_id\",\"owner_name\",\"description\",\"members_count\",\"address\",\"price\",\"profit\",\"cost\",\"type\",\"status\",\"date_start\",\"date_end\",\"in_main_slider\"]','{\"address\":\"Киев, ул. Регенератораная, 4, корп. 2, оф. 396\",\"id\":\"26\",\"name\":\"Тренинг по нездоровому образу жизни\",\"owner_id\":\"1\",\"owner_name\":\"Дмитрий Кушнерёв\",\"description\":\"Тренинг затрагивает основные аспекты здорового образа жизни:\\r\\nСпорт, питание, вредные привычки, экология, личная жизнь и отношения, а также астрология и многое-многое другое.\\r\\nВы узнаете много интересно, научитесь справляться со стрессом на работе и дома, избавитесь от панических атак и обретёте высшую свободу в мире красоты и гармонии.\",\"members_count\":\"30\",\"price\":350,\"profit\":null,\"cost\":null,\"type\":\"training\",\"status\":\"new\",\"date_start\":\"2016-03-12 16:31:37\",\"date_end\":null,\"in_main_slider\":0}','{\"id\":\"26\",\"name\":\"Тренинг по нездоровому образу жизни\",\"owner_id\":\"1\",\"owner_name\":\"Дмитрий Кушнерёв\",\"description\":\"Тренинг затрагивает основные аспекты здорового образа жизни:\\r\\nСпорт, питание, вредные привычки, экология, личная жизнь и отношения, а также астрология и многое-многое другое.\\r\\nВы узнаете много интересно, научитесь справляться со стрессом на работе и дома, избавитесь от панических атак и обретёте высшую свободу в мире красоты и гармонии.\",\"members_count\":\"30\",\"address\":\"Киев, ул. Регенератораная, 4, корп. 2, оф. 396\",\"price\":350,\"profit\":null,\"cost\":null,\"type\":\"training\",\"status\":\"new\",\"date_start\":\"2016-03-12 16:31:37\",\"date_end\":null,\"in_main_slider\":0}'),
(100,'models\\Event',26,1,'Updated','2016-03-13 01:30:42','[\"id\",\"name\",\"owner_id\",\"owner_name\",\"description\",\"members_count\",\"address\",\"price\",\"profit\",\"cost\",\"type\",\"status\",\"date_start\",\"date_end\",\"in_main_slider\"]','{\"address\":\"Киев, ул. Регенератораная, 4, корп. 2, оф. 396\",\"id\":\"26\",\"name\":\"Тренинг по нездоровому образу жизни\",\"owner_id\":\"1\",\"owner_name\":\"Дмитрий Кушнерёв\",\"description\":\"Тренинг затрагивает основные аспекты здорового образа жизни:\\r\\nСпорт, питание, вредные привычки, экология, личная жизнь и отношения, а также астрология и многое-многое другое.\\r\\nВы узнаете много интересно, научитесь справляться со стрессом на работе и дома, избавитесь от панических атак и обретёте высшую свободу в мире красоты и гармонии.\",\"members_count\":\"30\",\"price\":350,\"profit\":null,\"cost\":null,\"type\":\"training\",\"status\":\"new\",\"date_start\":\"2016-03-12 16:31:37\",\"date_end\":null,\"in_main_slider\":0}','{\"id\":\"26\",\"name\":\"Тренинг по нездоровому образу жизни\",\"owner_id\":\"1\",\"owner_name\":\"Дмитрий Кушнерёв\",\"description\":\"Тренинг затрагивает основные аспекты здорового образа жизни:\\r\\nСпорт, питание, вредные привычки, экология, личная жизнь и отношения, а также астрология и многое-многое другое.\\r\\nВы узнаете много интересно, научитесь справляться со стрессом на работе и дома, избавитесь от панических атак и обретёте высшую свободу в мире красоты и гармонии.\",\"members_count\":\"30\",\"address\":\"Киев, ул. Регенератораная, 4, корп. 2, оф. 396\",\"price\":350,\"profit\":null,\"cost\":null,\"type\":\"training\",\"status\":\"new\",\"date_start\":\"2016-03-12 16:31:37\",\"date_end\":null,\"in_main_slider\":0}'),
(101,'models\\Event',26,1,'Updated','2016-03-13 01:31:08','[\"id\",\"name\",\"owner_id\",\"owner_name\",\"description\",\"members_count\",\"address\",\"price\",\"profit\",\"cost\",\"type\",\"status\",\"date_start\",\"date_end\",\"in_main_slider\"]','{\"address\":\"Киев, ул. Регенератораная, 4, корп. 2, оф. 396\",\"id\":\"26\",\"name\":\"Тренинг по нездоровому образу жизни\",\"owner_id\":\"1\",\"owner_name\":\"Дмитрий Кушнерёв\",\"description\":\"Тренинг затрагивает основные аспекты здорового образа жизни:\\r\\nСпорт, питание, вредные привычки, экология, личная жизнь и отношения, а также астрология и многое-многое другое.\\r\\nВы узнаете много интересно, научитесь справляться со стрессом на работе и дома, избавитесь от панических атак и обретёте высшую свободу в мире красоты и гармонии.\",\"members_count\":\"30\",\"price\":350,\"profit\":null,\"cost\":null,\"type\":\"training\",\"status\":\"new\",\"date_start\":\"2016-03-12 16:31:37\",\"date_end\":null,\"in_main_slider\":0}','{\"id\":\"26\",\"name\":\"Тренинг по нездоровому образу жизни\",\"owner_id\":\"1\",\"owner_name\":\"Дмитрий Кушнерёв\",\"description\":\"Тренинг затрагивает основные аспекты здорового образа жизни:\\r\\nСпорт, питание, вредные привычки, экология, личная жизнь и отношения, а также астрология и многое-многое другое.\\r\\nВы узнаете много интересно, научитесь справляться со стрессом на работе и дома, избавитесь от панических атак и обретёте высшую свободу в мире красоты и гармонии.\",\"members_count\":\"30\",\"address\":\"Киев, ул. Регенератораная, 4, корп. 2, оф. 396\",\"price\":350,\"profit\":null,\"cost\":null,\"type\":\"training\",\"status\":\"new\",\"date_start\":\"2016-03-12 16:31:37\",\"date_end\":null,\"in_main_slider\":0}'),
(102,'models\\Event',26,1,'Updated','2016-03-13 01:31:47','[\"id\",\"name\",\"owner_id\",\"owner_name\",\"description\",\"members_count\",\"address\",\"price\",\"profit\",\"cost\",\"type\",\"status\",\"date_start\",\"date_end\",\"in_main_slider\"]','{\"address\":\"Киев, ул. Регенератораная, 4, корп. 2, оф. 396\",\"id\":\"26\",\"name\":\"Тренинг по нездоровому образу жизни\",\"owner_id\":\"1\",\"owner_name\":\"Дмитрий Кушнерёв\",\"description\":\"Тренинг затрагивает основные аспекты здорового образа жизни:\\r\\nСпорт, питание, вредные привычки, экология, личная жизнь и отношения, а также астрология и многое-многое другое.\\r\\nВы узнаете много интересно, научитесь справляться со стрессом на работе и дома, избавитесь от панических атак и обретёте высшую свободу в мире красоты и гармонии.\",\"members_count\":\"30\",\"price\":350,\"profit\":null,\"cost\":null,\"type\":\"training\",\"status\":\"new\",\"date_start\":\"2016-03-12 16:31:37\",\"date_end\":null,\"in_main_slider\":0}','{\"id\":\"26\",\"name\":\"Тренинг по нездоровому образу жизни\",\"owner_id\":\"1\",\"owner_name\":\"Дмитрий Кушнерёв\",\"description\":\"Тренинг затрагивает основные аспекты здорового образа жизни:\\r\\nСпорт, питание, вредные привычки, экология, личная жизнь и отношения, а также астрология и многое-многое другое.\\r\\nВы узнаете много интересно, научитесь справляться со стрессом на работе и дома, избавитесь от панических атак и обретёте высшую свободу в мире красоты и гармонии.\",\"members_count\":\"30\",\"address\":\"Киев, ул. Регенератораная, 4, корп. 2, оф. 396\",\"price\":350,\"profit\":null,\"cost\":null,\"type\":\"training\",\"status\":\"new\",\"date_start\":\"2016-03-12 16:31:37\",\"date_end\":null,\"in_main_slider\":0}'),
(103,'models\\User',1,1,'Logout','2016-03-13 01:33:58',NULL,NULL,NULL),
(104,'models\\User',4,4,'Login','2016-03-13 01:34:11',NULL,NULL,NULL),
(105,'models\\EventUser',5,4,'Recorded','2016-03-13 01:34:53',NULL,NULL,NULL),
(106,'models\\User',4,4,'Logout','2016-03-13 01:35:15',NULL,NULL,NULL),
(107,'models\\User',22,22,'Registration','2016-03-13 01:37:04',NULL,NULL,NULL),
(108,'models\\User',22,22,'Login','2016-03-13 01:37:04',NULL,NULL,NULL),
(109,'models\\EventUser',6,22,'Recorded','2016-03-13 01:37:04',NULL,NULL,NULL),
(110,'models\\User',22,22,'Logout','2016-03-13 01:37:19',NULL,NULL,NULL),
(111,'models\\User',1,1,'Login','2016-03-13 01:37:27',NULL,NULL,NULL);

/*Table structure for table `user` */

DROP TABLE IF EXISTS `user`;

CREATE TABLE `user` (
  `id` bigint(11) unsigned NOT NULL AUTO_INCREMENT,
  `email` varchar(255) NOT NULL,
  `password_hash` varchar(255) NOT NULL,
  `first_name` varchar(126) NOT NULL,
  `last_name` varchar(126) DEFAULT NULL,
  `phone` varchar(24) DEFAULT NULL,
  `avatar` varchar(255) DEFAULT NULL,
  `role` enum('user','admin','trainer') NOT NULL DEFAULT 'user',
  `status` enum('deleted','banned','frozen','active') NOT NULL DEFAULT 'active',
  `info` text,
  `date_register` datetime NOT NULL,
  PRIMARY KEY (`id`)
) ENGINE=InnoDB AUTO_INCREMENT=23 DEFAULT CHARSET=utf8;

/*Data for the table `user` */

insert  into `user`(`id`,`email`,`password_hash`,`first_name`,`last_name`,`phone`,`avatar`,`role`,`status`,`info`,`date_register`) values
(1,'remkwdriga@yandex.ua','b47a31378c869ffaabc25ee77693cec8','Дмитрий','Кушнерёв','(063) 568 86 19',NULL,'admin','active',NULL,'2016-03-04 22:49:54'),
(2,'v.alibaba@mail.ru','9bd2d90e559975f474fa0a799a9e7d53','Василий','Алибабаев','0632566455',NULL,'user','active',NULL,'2016-03-05 19:54:36'),
(3,'p.vasiliev@uyandex.ua','82b50c486b0c6f6e6cb1c42834785871','Пётр','Васильев','06325634566',NULL,'user','active',NULL,'2016-03-05 20:00:05'),
(4,'a.konuhova@gmal.com','c9f111e95381a95b13cd03c122738bee','Алиса','Конюхова','(066) 567 21 34',NULL,'user','active',NULL,'2016-03-05 20:05:31'),
(5,'katerina.gvozd@yandex.ua','4fc9896c786071550a30a58ae8cebca8','Катерина','Гвоздь','(050) 235 66 77',NULL,'user','active',NULL,'2016-03-05 20:07:30'),
(6,'olga.taran@ukr.net','037129f27d2d8eb12981358e4e306572','Ольга','Таран','(066) 456 34 43',NULL,'user','active',NULL,'2016-03-05 20:25:28'),
(7,'a.kashpirovsky@gmail.com','c073b9e354c3c80d960a041ab29bde8f','Анатолий','Кашпировский','095 556 88 32',NULL,'user','active',NULL,'2016-03-05 20:27:40'),
(8,'p.simonov@ukr.net','25f6a88b80521858c7e76862a1aa36fa','Пётр','Симонов','0564563247',NULL,'user','active',NULL,'2016-03-05 20:31:58'),
(9,'a.panfolow@yandex.ua','5d65dba8ed31758919ecad26117e8622','Александр','Панфилов','063 557 31 93',NULL,'user','active',NULL,'2016-03-05 17:51:40'),
(10,'anrey.bik@mail.ru','b69019f66fa981610a3f44060bf21b58','Андрей','Бык','095 567 89 54',NULL,'user','active',NULL,'2016-03-05 17:56:30'),
(11,'v.tokarev@ukr.net','e4ed0f49f6cdef19886e077a725d4be0','Василий','Токарев','066 689 32 11',NULL,'user','active',NULL,'2016-03-05 21:24:26'),
(12,'a.toporov@ukr.net','ac7c7c94a4d152707246534be2871751','Алексей','Топоров','066 579 4254',NULL,'user','active',NULL,'2016-03-05 21:27:01'),
(13,'k.taranova@yandex.ru','646c4b586cd8288167bd33f7e93e3b2e','Катерина','Таранова','(056) 984 37 48',NULL,'user','active',NULL,'2016-03-05 21:28:57'),
(14,'igor.taranov@mail.ru','205f2eea2fdbd7db5ffbb988e19f30e3','Игорь','Титов','0635724115',NULL,'user','active',NULL,'2016-03-05 21:30:35'),
(21,'vlad.topolev@yandex.ua','9d9a8eb5251a1b281601c4e60768ab68','Владимир','Тополев','0666325147',NULL,'user','active',NULL,'2016-03-13 00:51:48'),
(22,'kostya.pavlov@mail.ru','d24ac8690758ad7627bd235d12abe8f3','Костя','Павлов','0636532312',NULL,'user','active',NULL,'2016-03-13 01:37:04');

/*!40101 SET SQL_MODE=@OLD_SQL_MODE */;
/*!40014 SET FOREIGN_KEY_CHECKS=@OLD_FOREIGN_KEY_CHECKS */;
/*!40014 SET UNIQUE_CHECKS=@OLD_UNIQUE_CHECKS */;
/*!40111 SET SQL_NOTES=@OLD_SQL_NOTES */;
